Date,Content,Video title,Video publish time,Duration,Views
2026-01-10,2vXL_9J-6Eo,Maa Kali Gayatri Mantra,"Jan 27, 2022",19,12
2026-01-11,2vXL_9J-6Eo,Maa Kali Gayatri Mantra,"Jan 27, 2022",19,5
2026-01-12,2vXL_9J-6Eo,Maa Kali Gayatri Mantra,"Jan 27, 2022",19,18
2026-01-13,2vXL_9J-6Eo,Maa Kali Gayatri Mantra,"Jan 27, 2022",19,8
2026-01-14,2vXL_9J-6Eo,Maa Kali Gayatri Mantra,"Jan 27, 2022",19,14
2026-01-15,2vXL_9J-6Eo,Maa Kali Gayatri Mantra,"Jan 27, 2022",19,8
2026-01-16,2vXL_9J-6Eo,Maa Kali Gayatri Mantra,"Jan 27, 2022",19,3
2026-01-17,2vXL_9J-6Eo,Maa Kali Gayatri Mantra,"Jan 27, 2022",19,16
2026-01-18,2vXL_9J-6Eo,Maa Kali Gayatri Mantra,"Jan 27, 2022",19,14
2026-01-19,2vXL_9J-6Eo,Maa Kali Gayatri Mantra,"Jan 27, 2022",19,12
2026-01-20,2vXL_9J-6Eo,Maa Kali Gayatri Mantra,"Jan 27, 2022",19,6
2026-01-21,2vXL_9J-6Eo,Maa Kali Gayatri Mantra,"Jan 27, 2022",19,3
2026-01-22,2vXL_9J-6Eo,Maa Kali Gayatri Mantra,"Jan 27, 2022",19,8
2026-01-23,2vXL_9J-6Eo,Maa Kali Gayatri Mantra,"Jan 27, 2022",19,9
2026-01-24,2vXL_9J-6Eo,Maa Kali Gayatri Mantra,"Jan 27, 2022",19,5
2026-01-25,2vXL_9J-6Eo,Maa Kali Gayatri Mantra,"Jan 27, 2022",19,7
2026-01-26,2vXL_9J-6Eo,Maa Kali Gayatri Mantra,"Jan 27, 2022",19,7
2026-01-27,2vXL_9J-6Eo,Maa Kali Gayatri Mantra,"Jan 27, 2022",19,8
2026-01-28,2vXL_9J-6Eo,Maa Kali Gayatri Mantra,"Jan 27, 2022",19,4
2026-01-29,2vXL_9J-6Eo,Maa Kali Gayatri Mantra,"Jan 27, 2022",19,3
2026-01-30,2vXL_9J-6Eo,Maa Kali Gayatri Mantra,"Jan 27, 2022",19,6
2026-01-31,2vXL_9J-6Eo,Maa Kali Gayatri Mantra,"Jan 27, 2022",19,2
2026-02-01,2vXL_9J-6Eo,Maa Kali Gayatri Mantra,"Jan 27, 2022",19,9
2026-02-02,2vXL_9J-6Eo,Maa Kali Gayatri Mantra,"Jan 27, 2022",19,1
2026-02-03,2vXL_9J-6Eo,Maa Kali Gayatri Mantra,"Jan 27, 2022",19,7
2026-02-04,2vXL_9J-6Eo,Maa Kali Gayatri Mantra,"Jan 27, 2022",19,2
2026-02-05,2vXL_9J-6Eo,Maa Kali Gayatri Mantra,"Jan 27, 2022",19,6
2026-02-06,2vXL_9J-6Eo,Maa Kali Gayatri Mantra,"Jan 27, 2022",19,6
2026-02-07,2vXL_9J-6Eo,Maa Kali Gayatri Mantra,"Jan 27, 2022",19,7
2026-02-08,2vXL_9J-6Eo,Maa Kali Gayatri Mantra,"Jan 27, 2022",19,5
2026-02-09,2vXL_9J-6Eo,Maa Kali Gayatri Mantra,"Jan 27, 2022",19,8
2026-02-10,2vXL_9J-6Eo,Maa Kali Gayatri Mantra,"Jan 27, 2022",19,3
2026-02-11,2vXL_9J-6Eo,Maa Kali Gayatri Mantra,"Jan 27, 2022",19,3
2026-02-12,2vXL_9J-6Eo,Maa Kali Gayatri Mantra,"Jan 27, 2022",19,2
2026-02-13,2vXL_9J-6Eo,Maa Kali Gayatri Mantra,"Jan 27, 2022",19,3
2026-02-14,2vXL_9J-6Eo,Maa Kali Gayatri Mantra,"Jan 27, 2022",19,3
2026-02-15,2vXL_9J-6Eo,Maa Kali Gayatri Mantra,"Jan 27, 2022",19,8
2026-02-16,2vXL_9J-6Eo,Maa Kali Gayatri Mantra,"Jan 27, 2022",19,13
2026-02-17,2vXL_9J-6Eo,Maa Kali Gayatri Mantra,"Jan 27, 2022",19,8
2026-02-18,2vXL_9J-6Eo,Maa Kali Gayatri Mantra,"Jan 27, 2022",19,10
2026-02-19,2vXL_9J-6Eo,Maa Kali Gayatri Mantra,"Jan 27, 2022",19,5
2026-02-20,2vXL_9J-6Eo,Maa Kali Gayatri Mantra,"Jan 27, 2022",19,7
2026-02-21,2vXL_9J-6Eo,Maa Kali Gayatri Mantra,"Jan 27, 2022",19,9
2026-02-22,2vXL_9J-6Eo,Maa Kali Gayatri Mantra,"Jan 27, 2022",19,6
2026-02-23,2vXL_9J-6Eo,Maa Kali Gayatri Mantra,"Jan 27, 2022",19,6
2026-02-24,2vXL_9J-6Eo,Maa Kali Gayatri Mantra,"Jan 27, 2022",19,9
2026-02-25,2vXL_9J-6Eo,Maa Kali Gayatri Mantra,"Jan 27, 2022",19,4
2026-02-26,2vXL_9J-6Eo,Maa Kali Gayatri Mantra,"Jan 27, 2022",19,17
2026-02-27,2vXL_9J-6Eo,Maa Kali Gayatri Mantra,"Jan 27, 2022",19,14
2026-02-28,2vXL_9J-6Eo,Maa Kali Gayatri Mantra,"Jan 27, 2022",19,4
2026-03-01,2vXL_9J-6Eo,Maa Kali Gayatri Mantra,"Jan 27, 2022",19,2
2026-03-02,2vXL_9J-6Eo,Maa Kali Gayatri Mantra,"Jan 27, 2022",19,7
2026-03-03,2vXL_9J-6Eo,Maa Kali Gayatri Mantra,"Jan 27, 2022",19,6
2026-03-04,2vXL_9J-6Eo,Maa Kali Gayatri Mantra,"Jan 27, 2022",19,3
2026-03-05,2vXL_9J-6Eo,Maa Kali Gayatri Mantra,"Jan 27, 2022",19,6
2026-03-06,2vXL_9J-6Eo,Maa Kali Gayatri Mantra,"Jan 27, 2022",19,12
2026-03-07,2vXL_9J-6Eo,Maa Kali Gayatri Mantra,"Jan 27, 2022",19,12
2026-03-08,2vXL_9J-6Eo,Maa Kali Gayatri Mantra,"Jan 27, 2022",19,2
2026-03-09,2vXL_9J-6Eo,Maa Kali Gayatri Mantra,"Jan 27, 2022",19,7
2026-03-10,2vXL_9J-6Eo,Maa Kali Gayatri Mantra,"Jan 27, 2022",19,5
2026-03-11,2vXL_9J-6Eo,Maa Kali Gayatri Mantra,"Jan 27, 2022",19,2
2026-03-12,2vXL_9J-6Eo,Maa Kali Gayatri Mantra,"Jan 27, 2022",19,4
2026-03-13,2vXL_9J-6Eo,Maa Kali Gayatri Mantra,"Jan 27, 2022",19,3
2026-03-14,2vXL_9J-6Eo,Maa Kali Gayatri Mantra,"Jan 27, 2022",19,1
2026-03-15,2vXL_9J-6Eo,Maa Kali Gayatri Mantra,"Jan 27, 2022",19,12
2026-03-16,2vXL_9J-6Eo,Maa Kali Gayatri Mantra,"Jan 27, 2022",19,6
2026-03-17,2vXL_9J-6Eo,Maa Kali Gayatri Mantra,"Jan 27, 2022",19,4
2026-03-18,2vXL_9J-6Eo,Maa Kali Gayatri Mantra,"Jan 27, 2022",19,7
2026-03-19,2vXL_9J-6Eo,Maa Kali Gayatri Mantra,"Jan 27, 2022",19,7
2026-03-20,2vXL_9J-6Eo,Maa Kali Gayatri Mantra,"Jan 27, 2022",19,7
2026-03-21,2vXL_9J-6Eo,Maa Kali Gayatri Mantra,"Jan 27, 2022",19,5
2026-03-22,2vXL_9J-6Eo,Maa Kali Gayatri Mantra,"Jan 27, 2022",19,11
2026-03-23,2vXL_9J-6Eo,Maa Kali Gayatri Mantra,"Jan 27, 2022",19,1
2026-03-24,2vXL_9J-6Eo,Maa Kali Gayatri Mantra,"Jan 27, 2022",19,2
2026-03-25,2vXL_9J-6Eo,Maa Kali Gayatri Mantra,"Jan 27, 2022",19,5
2026-03-26,2vXL_9J-6Eo,Maa Kali Gayatri Mantra,"Jan 27, 2022",19,3
2026-03-27,2vXL_9J-6Eo,Maa Kali Gayatri Mantra,"Jan 27, 2022",19,1
2026-03-28,2vXL_9J-6Eo,Maa Kali Gayatri Mantra,"Jan 27, 2022",19,4
2026-03-29,2vXL_9J-6Eo,Maa Kali Gayatri Mantra,"Jan 27, 2022",19,8
2026-03-30,2vXL_9J-6Eo,Maa Kali Gayatri Mantra,"Jan 27, 2022",19,7
2026-03-31,2vXL_9J-6Eo,Maa Kali Gayatri Mantra,"Jan 27, 2022",19,0
2026-04-01,2vXL_9J-6Eo,Maa Kali Gayatri Mantra,"Jan 27, 2022",19,0
2026-04-02,2vXL_9J-6Eo,Maa Kali Gayatri Mantra,"Jan 27, 2022",19,4
2026-04-03,2vXL_9J-6Eo,Maa Kali Gayatri Mantra,"Jan 27, 2022",19,9
2026-04-04,2vXL_9J-6Eo,Maa Kali Gayatri Mantra,"Jan 27, 2022",19,11
2026-04-05,2vXL_9J-6Eo,Maa Kali Gayatri Mantra,"Jan 27, 2022",19,8
2026-04-06,2vXL_9J-6Eo,Maa Kali Gayatri Mantra,"Jan 27, 2022",19,0
2026-04-07,2vXL_9J-6Eo,Maa Kali Gayatri Mantra,"Jan 27, 2022",19,2
2026-04-08,2vXL_9J-6Eo,Maa Kali Gayatri Mantra,"Jan 27, 2022",19,3
2026-04-09,2vXL_9J-6Eo,Maa Kali Gayatri Mantra,"Jan 27, 2022",19,1
2026-01-10,7yIUKuLiqck,Kali Kavach | Full Body Protection from Disease & Negative Energy,"Apr 29, 2021",573,3
2026-01-11,7yIUKuLiqck,Kali Kavach | Full Body Protection from Disease & Negative Energy,"Apr 29, 2021",573,2
2026-01-12,7yIUKuLiqck,Kali Kavach | Full Body Protection from Disease & Negative Energy,"Apr 29, 2021",573,2
2026-01-13,7yIUKuLiqck,Kali Kavach | Full Body Protection from Disease & Negative Energy,"Apr 29, 2021",573,3
2026-01-14,7yIUKuLiqck,Kali Kavach | Full Body Protection from Disease & Negative Energy,"Apr 29, 2021",573,4
2026-01-15,7yIUKuLiqck,Kali Kavach | Full Body Protection from Disease & Negative Energy,"Apr 29, 2021",573,3
2026-01-16,7yIUKuLiqck,Kali Kavach | Full Body Protection from Disease & Negative Energy,"Apr 29, 2021",573,3
2026-01-17,7yIUKuLiqck,Kali Kavach | Full Body Protection from Disease & Negative Energy,"Apr 29, 2021",573,3
2026-01-18,7yIUKuLiqck,Kali Kavach | Full Body Protection from Disease & Negative Energy,"Apr 29, 2021",573,5
2026-01-19,7yIUKuLiqck,Kali Kavach | Full Body Protection from Disease & Negative Energy,"Apr 29, 2021",573,5
2026-01-20,7yIUKuLiqck,Kali Kavach | Full Body Protection from Disease & Negative Energy,"Apr 29, 2021",573,3
2026-01-21,7yIUKuLiqck,Kali Kavach | Full Body Protection from Disease & Negative Energy,"Apr 29, 2021",573,2
2026-01-22,7yIUKuLiqck,Kali Kavach | Full Body Protection from Disease & Negative Energy,"Apr 29, 2021",573,9
2026-01-23,7yIUKuLiqck,Kali Kavach | Full Body Protection from Disease & Negative Energy,"Apr 29, 2021",573,3
2026-01-24,7yIUKuLiqck,Kali Kavach | Full Body Protection from Disease & Negative Energy,"Apr 29, 2021",573,3
2026-01-25,7yIUKuLiqck,Kali Kavach | Full Body Protection from Disease & Negative Energy,"Apr 29, 2021",573,4
2026-01-26,7yIUKuLiqck,Kali Kavach | Full Body Protection from Disease & Negative Energy,"Apr 29, 2021",573,6
2026-01-27,7yIUKuLiqck,Kali Kavach | Full Body Protection from Disease & Negative Energy,"Apr 29, 2021",573,2
2026-01-28,7yIUKuLiqck,Kali Kavach | Full Body Protection from Disease & Negative Energy,"Apr 29, 2021",573,2
2026-01-29,7yIUKuLiqck,Kali Kavach | Full Body Protection from Disease & Negative Energy,"Apr 29, 2021",573,4
2026-01-30,7yIUKuLiqck,Kali Kavach | Full Body Protection from Disease & Negative Energy,"Apr 29, 2021",573,3
2026-01-31,7yIUKuLiqck,Kali Kavach | Full Body Protection from Disease & Negative Energy,"Apr 29, 2021",573,3
2026-02-01,7yIUKuLiqck,Kali Kavach | Full Body Protection from Disease & Negative Energy,"Apr 29, 2021",573,4
2026-02-02,7yIUKuLiqck,Kali Kavach | Full Body Protection from Disease & Negative Energy,"Apr 29, 2021",573,7
2026-02-03,7yIUKuLiqck,Kali Kavach | Full Body Protection from Disease & Negative Energy,"Apr 29, 2021",573,3
2026-02-04,7yIUKuLiqck,Kali Kavach | Full Body Protection from Disease & Negative Energy,"Apr 29, 2021",573,3
2026-02-05,7yIUKuLiqck,Kali Kavach | Full Body Protection from Disease & Negative Energy,"Apr 29, 2021",573,2
2026-02-06,7yIUKuLiqck,Kali Kavach | Full Body Protection from Disease & Negative Energy,"Apr 29, 2021",573,2
2026-02-07,7yIUKuLiqck,Kali Kavach | Full Body Protection from Disease & Negative Energy,"Apr 29, 2021",573,2
2026-02-08,7yIUKuLiqck,Kali Kavach | Full Body Protection from Disease & Negative Energy,"Apr 29, 2021",573,3
2026-02-09,7yIUKuLiqck,Kali Kavach | Full Body Protection from Disease & Negative Energy,"Apr 29, 2021",573,3
2026-02-10,7yIUKuLiqck,Kali Kavach | Full Body Protection from Disease & Negative Energy,"Apr 29, 2021",573,5
2026-02-11,7yIUKuLiqck,Kali Kavach | Full Body Protection from Disease & Negative Energy,"Apr 29, 2021",573,5
2026-02-12,7yIUKuLiqck,Kali Kavach | Full Body Protection from Disease & Negative Energy,"Apr 29, 2021",573,3
2026-02-13,7yIUKuLiqck,Kali Kavach | Full Body Protection from Disease & Negative Energy,"Apr 29, 2021",573,4
2026-02-14,7yIUKuLiqck,Kali Kavach | Full Body Protection from Disease & Negative Energy,"Apr 29, 2021",573,3
2026-02-15,7yIUKuLiqck,Kali Kavach | Full Body Protection from Disease & Negative Energy,"Apr 29, 2021",573,2
2026-02-16,7yIUKuLiqck,Kali Kavach | Full Body Protection from Disease & Negative Energy,"Apr 29, 2021",573,5
2026-02-17,7yIUKuLiqck,Kali Kavach | Full Body Protection from Disease & Negative Energy,"Apr 29, 2021",573,2
2026-02-18,7yIUKuLiqck,Kali Kavach | Full Body Protection from Disease & Negative Energy,"Apr 29, 2021",573,2
2026-02-19,7yIUKuLiqck,Kali Kavach | Full Body Protection from Disease & Negative Energy,"Apr 29, 2021",573,2
2026-02-20,7yIUKuLiqck,Kali Kavach | Full Body Protection from Disease & Negative Energy,"Apr 29, 2021",573,3
2026-02-21,7yIUKuLiqck,Kali Kavach | Full Body Protection from Disease & Negative Energy,"Apr 29, 2021",573,3
2026-02-22,7yIUKuLiqck,Kali Kavach | Full Body Protection from Disease & Negative Energy,"Apr 29, 2021",573,6
2026-02-23,7yIUKuLiqck,Kali Kavach | Full Body Protection from Disease & Negative Energy,"Apr 29, 2021",573,3
2026-02-24,7yIUKuLiqck,Kali Kavach | Full Body Protection from Disease & Negative Energy,"Apr 29, 2021",573,3
2026-02-25,7yIUKuLiqck,Kali Kavach | Full Body Protection from Disease & Negative Energy,"Apr 29, 2021",573,3
2026-02-26,7yIUKuLiqck,Kali Kavach | Full Body Protection from Disease & Negative Energy,"Apr 29, 2021",573,2
2026-02-27,7yIUKuLiqck,Kali Kavach | Full Body Protection from Disease & Negative Energy,"Apr 29, 2021",573,2
2026-02-28,7yIUKuLiqck,Kali Kavach | Full Body Protection from Disease & Negative Energy,"Apr 29, 2021",573,5
2026-03-01,7yIUKuLiqck,Kali Kavach | Full Body Protection from Disease & Negative Energy,"Apr 29, 2021",573,4
2026-03-02,7yIUKuLiqck,Kali Kavach | Full Body Protection from Disease & Negative Energy,"Apr 29, 2021",573,2
2026-03-03,7yIUKuLiqck,Kali Kavach | Full Body Protection from Disease & Negative Energy,"Apr 29, 2021",573,2
2026-03-04,7yIUKuLiqck,Kali Kavach | Full Body Protection from Disease & Negative Energy,"Apr 29, 2021",573,3
2026-03-05,7yIUKuLiqck,Kali Kavach | Full Body Protection from Disease & Negative Energy,"Apr 29, 2021",573,7
2026-03-06,7yIUKuLiqck,Kali Kavach | Full Body Protection from Disease & Negative Energy,"Apr 29, 2021",573,2
2026-03-07,7yIUKuLiqck,Kali Kavach | Full Body Protection from Disease & Negative Energy,"Apr 29, 2021",573,3
2026-03-08,7yIUKuLiqck,Kali Kavach | Full Body Protection from Disease & Negative Energy,"Apr 29, 2021",573,2
2026-03-09,7yIUKuLiqck,Kali Kavach | Full Body Protection from Disease & Negative Energy,"Apr 29, 2021",573,3
2026-03-10,7yIUKuLiqck,Kali Kavach | Full Body Protection from Disease & Negative Energy,"Apr 29, 2021",573,5
2026-03-11,7yIUKuLiqck,Kali Kavach | Full Body Protection from Disease & Negative Energy,"Apr 29, 2021",573,3
2026-03-12,7yIUKuLiqck,Kali Kavach | Full Body Protection from Disease & Negative Energy,"Apr 29, 2021",573,6
2026-03-13,7yIUKuLiqck,Kali Kavach | Full Body Protection from Disease & Negative Energy,"Apr 29, 2021",573,6
2026-03-14,7yIUKuLiqck,Kali Kavach | Full Body Protection from Disease & Negative Energy,"Apr 29, 2021",573,4
2026-03-15,7yIUKuLiqck,Kali Kavach | Full Body Protection from Disease & Negative Energy,"Apr 29, 2021",573,2
2026-03-16,7yIUKuLiqck,Kali Kavach | Full Body Protection from Disease & Negative Energy,"Apr 29, 2021",573,3
2026-03-17,7yIUKuLiqck,Kali Kavach | Full Body Protection from Disease & Negative Energy,"Apr 29, 2021",573,1
2026-03-18,7yIUKuLiqck,Kali Kavach | Full Body Protection from Disease & Negative Energy,"Apr 29, 2021",573,5
2026-03-19,7yIUKuLiqck,Kali Kavach | Full Body Protection from Disease & Negative Energy,"Apr 29, 2021",573,12
2026-03-20,7yIUKuLiqck,Kali Kavach | Full Body Protection from Disease & Negative Energy,"Apr 29, 2021",573,4
2026-03-21,7yIUKuLiqck,Kali Kavach | Full Body Protection from Disease & Negative Energy,"Apr 29, 2021",573,2
2026-03-22,7yIUKuLiqck,Kali Kavach | Full Body Protection from Disease & Negative Energy,"Apr 29, 2021",573,4
2026-03-23,7yIUKuLiqck,Kali Kavach | Full Body Protection from Disease & Negative Energy,"Apr 29, 2021",573,2
2026-03-24,7yIUKuLiqck,Kali Kavach | Full Body Protection from Disease & Negative Energy,"Apr 29, 2021",573,2
2026-03-25,7yIUKuLiqck,Kali Kavach | Full Body Protection from Disease & Negative Energy,"Apr 29, 2021",573,2
2026-03-26,7yIUKuLiqck,Kali Kavach | Full Body Protection from Disease & Negative Energy,"Apr 29, 2021",573,3
2026-03-27,7yIUKuLiqck,Kali Kavach | Full Body Protection from Disease & Negative Energy,"Apr 29, 2021",573,2
2026-03-28,7yIUKuLiqck,Kali Kavach | Full Body Protection from Disease & Negative Energy,"Apr 29, 2021",573,1
2026-03-29,7yIUKuLiqck,Kali Kavach | Full Body Protection from Disease & Negative Energy,"Apr 29, 2021",573,3
2026-03-30,7yIUKuLiqck,Kali Kavach | Full Body Protection from Disease & Negative Energy,"Apr 29, 2021",573,2
2026-03-31,7yIUKuLiqck,Kali Kavach | Full Body Protection from Disease & Negative Energy,"Apr 29, 2021",573,6
2026-04-01,7yIUKuLiqck,Kali Kavach | Full Body Protection from Disease & Negative Energy,"Apr 29, 2021",573,2
2026-04-02,7yIUKuLiqck,Kali Kavach | Full Body Protection from Disease & Negative Energy,"Apr 29, 2021",573,2
2026-04-03,7yIUKuLiqck,Kali Kavach | Full Body Protection from Disease & Negative Energy,"Apr 29, 2021",573,3
2026-04-04,7yIUKuLiqck,Kali Kavach | Full Body Protection from Disease & Negative Energy,"Apr 29, 2021",573,1
2026-04-05,7yIUKuLiqck,Kali Kavach | Full Body Protection from Disease & Negative Energy,"Apr 29, 2021",573,6
2026-04-06,7yIUKuLiqck,Kali Kavach | Full Body Protection from Disease & Negative Energy,"Apr 29, 2021",573,2
2026-04-07,7yIUKuLiqck,Kali Kavach | Full Body Protection from Disease & Negative Energy,"Apr 29, 2021",573,2
2026-04-08,7yIUKuLiqck,Kali Kavach | Full Body Protection from Disease & Negative Energy,"Apr 29, 2021",573,4
2026-04-09,7yIUKuLiqck,Kali Kavach | Full Body Protection from Disease & Negative Energy,"Apr 29, 2021",573,3
2026-01-10,ZmszIg0pUo8,Real Stories of Maa Kali,"Jun 12, 2023",14,9
2026-01-11,ZmszIg0pUo8,Real Stories of Maa Kali,"Jun 12, 2023",14,10
2026-01-12,ZmszIg0pUo8,Real Stories of Maa Kali,"Jun 12, 2023",14,5
2026-01-13,ZmszIg0pUo8,Real Stories of Maa Kali,"Jun 12, 2023",14,9
2026-01-14,ZmszIg0pUo8,Real Stories of Maa Kali,"Jun 12, 2023",14,3
2026-01-15,ZmszIg0pUo8,Real Stories of Maa Kali,"Jun 12, 2023",14,7
2026-01-16,ZmszIg0pUo8,Real Stories of Maa Kali,"Jun 12, 2023",14,2
2026-01-17,ZmszIg0pUo8,Real Stories of Maa Kali,"Jun 12, 2023",14,1
2026-01-18,ZmszIg0pUo8,Real Stories of Maa Kali,"Jun 12, 2023",14,5
2026-01-19,ZmszIg0pUo8,Real Stories of Maa Kali,"Jun 12, 2023",14,2
2026-01-20,ZmszIg0pUo8,Real Stories of Maa Kali,"Jun 12, 2023",14,3
2026-01-21,ZmszIg0pUo8,Real Stories of Maa Kali,"Jun 12, 2023",14,3
2026-01-22,ZmszIg0pUo8,Real Stories of Maa Kali,"Jun 12, 2023",14,4
2026-01-23,ZmszIg0pUo8,Real Stories of Maa Kali,"Jun 12, 2023",14,13
2026-01-24,ZmszIg0pUo8,Real Stories of Maa Kali,"Jun 12, 2023",14,3
2026-01-25,ZmszIg0pUo8,Real Stories of Maa Kali,"Jun 12, 2023",14,9
2026-01-26,ZmszIg0pUo8,Real Stories of Maa Kali,"Jun 12, 2023",14,2
2026-01-27,ZmszIg0pUo8,Real Stories of Maa Kali,"Jun 12, 2023",14,5
2026-01-28,ZmszIg0pUo8,Real Stories of Maa Kali,"Jun 12, 2023",14,3
2026-01-29,ZmszIg0pUo8,Real Stories of Maa Kali,"Jun 12, 2023",14,4
2026-01-30,ZmszIg0pUo8,Real Stories of Maa Kali,"Jun 12, 2023",14,7
2026-01-31,ZmszIg0pUo8,Real Stories of Maa Kali,"Jun 12, 2023",14,2
2026-02-01,ZmszIg0pUo8,Real Stories of Maa Kali,"Jun 12, 2023",14,2
2026-02-02,ZmszIg0pUo8,Real Stories of Maa Kali,"Jun 12, 2023",14,5
2026-02-03,ZmszIg0pUo8,Real Stories of Maa Kali,"Jun 12, 2023",14,1
2026-02-04,ZmszIg0pUo8,Real Stories of Maa Kali,"Jun 12, 2023",14,2
2026-02-05,ZmszIg0pUo8,Real Stories of Maa Kali,"Jun 12, 2023",14,2
2026-02-06,ZmszIg0pUo8,Real Stories of Maa Kali,"Jun 12, 2023",14,3
2026-02-07,ZmszIg0pUo8,Real Stories of Maa Kali,"Jun 12, 2023",14,7
2026-02-08,ZmszIg0pUo8,Real Stories of Maa Kali,"Jun 12, 2023",14,7
2026-02-09,ZmszIg0pUo8,Real Stories of Maa Kali,"Jun 12, 2023",14,2
2026-02-10,ZmszIg0pUo8,Real Stories of Maa Kali,"Jun 12, 2023",14,3
2026-02-11,ZmszIg0pUo8,Real Stories of Maa Kali,"Jun 12, 2023",14,2
2026-02-12,ZmszIg0pUo8,Real Stories of Maa Kali,"Jun 12, 2023",14,7
2026-02-13,ZmszIg0pUo8,Real Stories of Maa Kali,"Jun 12, 2023",14,3
2026-02-14,ZmszIg0pUo8,Real Stories of Maa Kali,"Jun 12, 2023",14,3
2026-02-15,ZmszIg0pUo8,Real Stories of Maa Kali,"Jun 12, 2023",14,5
2026-02-16,ZmszIg0pUo8,Real Stories of Maa Kali,"Jun 12, 2023",14,11
2026-02-17,ZmszIg0pUo8,Real Stories of Maa Kali,"Jun 12, 2023",14,8
2026-02-18,ZmszIg0pUo8,Real Stories of Maa Kali,"Jun 12, 2023",14,11
2026-02-19,ZmszIg0pUo8,Real Stories of Maa Kali,"Jun 12, 2023",14,11
2026-02-20,ZmszIg0pUo8,Real Stories of Maa Kali,"Jun 12, 2023",14,7
2026-02-21,ZmszIg0pUo8,Real Stories of Maa Kali,"Jun 12, 2023",14,17
2026-02-22,ZmszIg0pUo8,Real Stories of Maa Kali,"Jun 12, 2023",14,9
2026-02-23,ZmszIg0pUo8,Real Stories of Maa Kali,"Jun 12, 2023",14,4
2026-02-24,ZmszIg0pUo8,Real Stories of Maa Kali,"Jun 12, 2023",14,1
2026-02-25,ZmszIg0pUo8,Real Stories of Maa Kali,"Jun 12, 2023",14,1
2026-02-26,ZmszIg0pUo8,Real Stories of Maa Kali,"Jun 12, 2023",14,12
2026-02-27,ZmszIg0pUo8,Real Stories of Maa Kali,"Jun 12, 2023",14,4
2026-02-28,ZmszIg0pUo8,Real Stories of Maa Kali,"Jun 12, 2023",14,1
2026-03-01,ZmszIg0pUo8,Real Stories of Maa Kali,"Jun 12, 2023",14,10
2026-03-02,ZmszIg0pUo8,Real Stories of Maa Kali,"Jun 12, 2023",14,5
2026-03-03,ZmszIg0pUo8,Real Stories of Maa Kali,"Jun 12, 2023",14,10
2026-03-04,ZmszIg0pUo8,Real Stories of Maa Kali,"Jun 12, 2023",14,10
2026-03-05,ZmszIg0pUo8,Real Stories of Maa Kali,"Jun 12, 2023",14,12
2026-03-06,ZmszIg0pUo8,Real Stories of Maa Kali,"Jun 12, 2023",14,9
2026-03-07,ZmszIg0pUo8,Real Stories of Maa Kali,"Jun 12, 2023",14,5
2026-03-08,ZmszIg0pUo8,Real Stories of Maa Kali,"Jun 12, 2023",14,7
2026-03-09,ZmszIg0pUo8,Real Stories of Maa Kali,"Jun 12, 2023",14,4
2026-03-10,ZmszIg0pUo8,Real Stories of Maa Kali,"Jun 12, 2023",14,8
2026-03-11,ZmszIg0pUo8,Real Stories of Maa Kali,"Jun 12, 2023",14,5
2026-03-12,ZmszIg0pUo8,Real Stories of Maa Kali,"Jun 12, 2023",14,12
2026-03-13,ZmszIg0pUo8,Real Stories of Maa Kali,"Jun 12, 2023",14,14
2026-03-14,ZmszIg0pUo8,Real Stories of Maa Kali,"Jun 12, 2023",14,4
2026-03-15,ZmszIg0pUo8,Real Stories of Maa Kali,"Jun 12, 2023",14,12
2026-03-16,ZmszIg0pUo8,Real Stories of Maa Kali,"Jun 12, 2023",14,9
2026-03-17,ZmszIg0pUo8,Real Stories of Maa Kali,"Jun 12, 2023",14,2
2026-03-18,ZmszIg0pUo8,Real Stories of Maa Kali,"Jun 12, 2023",14,9
2026-03-19,ZmszIg0pUo8,Real Stories of Maa Kali,"Jun 12, 2023",14,3
2026-03-20,ZmszIg0pUo8,Real Stories of Maa Kali,"Jun 12, 2023",14,6
2026-03-21,ZmszIg0pUo8,Real Stories of Maa Kali,"Jun 12, 2023",14,6
2026-03-22,ZmszIg0pUo8,Real Stories of Maa Kali,"Jun 12, 2023",14,1
2026-03-23,ZmszIg0pUo8,Real Stories of Maa Kali,"Jun 12, 2023",14,4
2026-03-24,ZmszIg0pUo8,Real Stories of Maa Kali,"Jun 12, 2023",14,4
2026-03-25,ZmszIg0pUo8,Real Stories of Maa Kali,"Jun 12, 2023",14,11
2026-03-26,ZmszIg0pUo8,Real Stories of Maa Kali,"Jun 12, 2023",14,10
2026-03-27,ZmszIg0pUo8,Real Stories of Maa Kali,"Jun 12, 2023",14,3
2026-03-28,ZmszIg0pUo8,Real Stories of Maa Kali,"Jun 12, 2023",14,13
2026-03-29,ZmszIg0pUo8,Real Stories of Maa Kali,"Jun 12, 2023",14,9
2026-03-30,ZmszIg0pUo8,Real Stories of Maa Kali,"Jun 12, 2023",14,1
2026-03-31,ZmszIg0pUo8,Real Stories of Maa Kali,"Jun 12, 2023",14,2
2026-04-01,ZmszIg0pUo8,Real Stories of Maa Kali,"Jun 12, 2023",14,3
2026-04-02,ZmszIg0pUo8,Real Stories of Maa Kali,"Jun 12, 2023",14,10
2026-04-03,ZmszIg0pUo8,Real Stories of Maa Kali,"Jun 12, 2023",14,3
2026-04-04,ZmszIg0pUo8,Real Stories of Maa Kali,"Jun 12, 2023",14,2
2026-04-05,ZmszIg0pUo8,Real Stories of Maa Kali,"Jun 12, 2023",14,3
2026-04-06,ZmszIg0pUo8,Real Stories of Maa Kali,"Jun 12, 2023",14,3
2026-04-07,ZmszIg0pUo8,Real Stories of Maa Kali,"Jun 12, 2023",14,6
2026-04-08,ZmszIg0pUo8,Real Stories of Maa Kali,"Jun 12, 2023",14,2
2026-04-09,ZmszIg0pUo8,Real Stories of Maa Kali,"Jun 12, 2023",14,5
2026-01-10,hWMhwjn-ZKY,5 Ways To Please Maa Kali | Mata's Blessings,"Aug 29, 2021",264,9
2026-01-11,hWMhwjn-ZKY,5 Ways To Please Maa Kali | Mata's Blessings,"Aug 29, 2021",264,13
2026-01-12,hWMhwjn-ZKY,5 Ways To Please Maa Kali | Mata's Blessings,"Aug 29, 2021",264,14
2026-01-13,hWMhwjn-ZKY,5 Ways To Please Maa Kali | Mata's Blessings,"Aug 29, 2021",264,11
2026-01-14,hWMhwjn-ZKY,5 Ways To Please Maa Kali | Mata's Blessings,"Aug 29, 2021",264,7
2026-01-15,hWMhwjn-ZKY,5 Ways To Please Maa Kali | Mata's Blessings,"Aug 29, 2021",264,20
2026-01-16,hWMhwjn-ZKY,5 Ways To Please Maa Kali | Mata's Blessings,"Aug 29, 2021",264,16
2026-01-17,hWMhwjn-ZKY,5 Ways To Please Maa Kali | Mata's Blessings,"Aug 29, 2021",264,16
2026-01-18,hWMhwjn-ZKY,5 Ways To Please Maa Kali | Mata's Blessings,"Aug 29, 2021",264,17
2026-01-19,hWMhwjn-ZKY,5 Ways To Please Maa Kali | Mata's Blessings,"Aug 29, 2021",264,23
2026-01-20,hWMhwjn-ZKY,5 Ways To Please Maa Kali | Mata's Blessings,"Aug 29, 2021",264,13
2026-01-21,hWMhwjn-ZKY,5 Ways To Please Maa Kali | Mata's Blessings,"Aug 29, 2021",264,15
2026-01-22,hWMhwjn-ZKY,5 Ways To Please Maa Kali | Mata's Blessings,"Aug 29, 2021",264,11
2026-01-23,hWMhwjn-ZKY,5 Ways To Please Maa Kali | Mata's Blessings,"Aug 29, 2021",264,13
2026-01-24,hWMhwjn-ZKY,5 Ways To Please Maa Kali | Mata's Blessings,"Aug 29, 2021",264,17
2026-01-25,hWMhwjn-ZKY,5 Ways To Please Maa Kali | Mata's Blessings,"Aug 29, 2021",264,16
2026-01-26,hWMhwjn-ZKY,5 Ways To Please Maa Kali | Mata's Blessings,"Aug 29, 2021",264,26
2026-01-27,hWMhwjn-ZKY,5 Ways To Please Maa Kali | Mata's Blessings,"Aug 29, 2021",264,11
2026-01-28,hWMhwjn-ZKY,5 Ways To Please Maa Kali | Mata's Blessings,"Aug 29, 2021",264,12
2026-01-29,hWMhwjn-ZKY,5 Ways To Please Maa Kali | Mata's Blessings,"Aug 29, 2021",264,14
2026-01-30,hWMhwjn-ZKY,5 Ways To Please Maa Kali | Mata's Blessings,"Aug 29, 2021",264,16
2026-01-31,hWMhwjn-ZKY,5 Ways To Please Maa Kali | Mata's Blessings,"Aug 29, 2021",264,18
2026-02-01,hWMhwjn-ZKY,5 Ways To Please Maa Kali | Mata's Blessings,"Aug 29, 2021",264,10
2026-02-02,hWMhwjn-ZKY,5 Ways To Please Maa Kali | Mata's Blessings,"Aug 29, 2021",264,5
2026-02-03,hWMhwjn-ZKY,5 Ways To Please Maa Kali | Mata's Blessings,"Aug 29, 2021",264,15
2026-02-04,hWMhwjn-ZKY,5 Ways To Please Maa Kali | Mata's Blessings,"Aug 29, 2021",264,18
2026-02-05,hWMhwjn-ZKY,5 Ways To Please Maa Kali | Mata's Blessings,"Aug 29, 2021",264,12
2026-02-06,hWMhwjn-ZKY,5 Ways To Please Maa Kali | Mata's Blessings,"Aug 29, 2021",264,16
2026-02-07,hWMhwjn-ZKY,5 Ways To Please Maa Kali | Mata's Blessings,"Aug 29, 2021",264,13
2026-02-08,hWMhwjn-ZKY,5 Ways To Please Maa Kali | Mata's Blessings,"Aug 29, 2021",264,15
2026-02-09,hWMhwjn-ZKY,5 Ways To Please Maa Kali | Mata's Blessings,"Aug 29, 2021",264,18
2026-02-10,hWMhwjn-ZKY,5 Ways To Please Maa Kali | Mata's Blessings,"Aug 29, 2021",264,10
2026-02-11,hWMhwjn-ZKY,5 Ways To Please Maa Kali | Mata's Blessings,"Aug 29, 2021",264,11
2026-02-12,hWMhwjn-ZKY,5 Ways To Please Maa Kali | Mata's Blessings,"Aug 29, 2021",264,12
2026-02-13,hWMhwjn-ZKY,5 Ways To Please Maa Kali | Mata's Blessings,"Aug 29, 2021",264,10
2026-02-14,hWMhwjn-ZKY,5 Ways To Please Maa Kali | Mata's Blessings,"Aug 29, 2021",264,9
2026-02-15,hWMhwjn-ZKY,5 Ways To Please Maa Kali | Mata's Blessings,"Aug 29, 2021",264,15
2026-02-16,hWMhwjn-ZKY,5 Ways To Please Maa Kali | Mata's Blessings,"Aug 29, 2021",264,15
2026-02-17,hWMhwjn-ZKY,5 Ways To Please Maa Kali | Mata's Blessings,"Aug 29, 2021",264,9
2026-02-18,hWMhwjn-ZKY,5 Ways To Please Maa Kali | Mata's Blessings,"Aug 29, 2021",264,14
2026-02-19,hWMhwjn-ZKY,5 Ways To Please Maa Kali | Mata's Blessings,"Aug 29, 2021",264,9
2026-02-20,hWMhwjn-ZKY,5 Ways To Please Maa Kali | Mata's Blessings,"Aug 29, 2021",264,16
2026-02-21,hWMhwjn-ZKY,5 Ways To Please Maa Kali | Mata's Blessings,"Aug 29, 2021",264,14
2026-02-22,hWMhwjn-ZKY,5 Ways To Please Maa Kali | Mata's Blessings,"Aug 29, 2021",264,13
2026-02-23,hWMhwjn-ZKY,5 Ways To Please Maa Kali | Mata's Blessings,"Aug 29, 2021",264,11
2026-02-24,hWMhwjn-ZKY,5 Ways To Please Maa Kali | Mata's Blessings,"Aug 29, 2021",264,12
2026-02-25,hWMhwjn-ZKY,5 Ways To Please Maa Kali | Mata's Blessings,"Aug 29, 2021",264,13
2026-02-26,hWMhwjn-ZKY,5 Ways To Please Maa Kali | Mata's Blessings,"Aug 29, 2021",264,7
2026-02-27,hWMhwjn-ZKY,5 Ways To Please Maa Kali | Mata's Blessings,"Aug 29, 2021",264,15
2026-02-28,hWMhwjn-ZKY,5 Ways To Please Maa Kali | Mata's Blessings,"Aug 29, 2021",264,13
2026-03-01,hWMhwjn-ZKY,5 Ways To Please Maa Kali | Mata's Blessings,"Aug 29, 2021",264,14
2026-03-02,hWMhwjn-ZKY,5 Ways To Please Maa Kali | Mata's Blessings,"Aug 29, 2021",264,14
2026-03-03,hWMhwjn-ZKY,5 Ways To Please Maa Kali | Mata's Blessings,"Aug 29, 2021",264,9
2026-03-04,hWMhwjn-ZKY,5 Ways To Please Maa Kali | Mata's Blessings,"Aug 29, 2021",264,8
2026-03-05,hWMhwjn-ZKY,5 Ways To Please Maa Kali | Mata's Blessings,"Aug 29, 2021",264,12
2026-03-06,hWMhwjn-ZKY,5 Ways To Please Maa Kali | Mata's Blessings,"Aug 29, 2021",264,10
2026-03-07,hWMhwjn-ZKY,5 Ways To Please Maa Kali | Mata's Blessings,"Aug 29, 2021",264,14
2026-03-08,hWMhwjn-ZKY,5 Ways To Please Maa Kali | Mata's Blessings,"Aug 29, 2021",264,15
2026-03-09,hWMhwjn-ZKY,5 Ways To Please Maa Kali | Mata's Blessings,"Aug 29, 2021",264,14
2026-03-10,hWMhwjn-ZKY,5 Ways To Please Maa Kali | Mata's Blessings,"Aug 29, 2021",264,8
2026-03-11,hWMhwjn-ZKY,5 Ways To Please Maa Kali | Mata's Blessings,"Aug 29, 2021",264,16
2026-03-12,hWMhwjn-ZKY,5 Ways To Please Maa Kali | Mata's Blessings,"Aug 29, 2021",264,7
2026-03-13,hWMhwjn-ZKY,5 Ways To Please Maa Kali | Mata's Blessings,"Aug 29, 2021",264,15
2026-03-14,hWMhwjn-ZKY,5 Ways To Please Maa Kali | Mata's Blessings,"Aug 29, 2021",264,14
2026-03-15,hWMhwjn-ZKY,5 Ways To Please Maa Kali | Mata's Blessings,"Aug 29, 2021",264,15
2026-03-16,hWMhwjn-ZKY,5 Ways To Please Maa Kali | Mata's Blessings,"Aug 29, 2021",264,15
2026-03-17,hWMhwjn-ZKY,5 Ways To Please Maa Kali | Mata's Blessings,"Aug 29, 2021",264,14
2026-03-18,hWMhwjn-ZKY,5 Ways To Please Maa Kali | Mata's Blessings,"Aug 29, 2021",264,10
2026-03-19,hWMhwjn-ZKY,5 Ways To Please Maa Kali | Mata's Blessings,"Aug 29, 2021",264,9
2026-03-20,hWMhwjn-ZKY,5 Ways To Please Maa Kali | Mata's Blessings,"Aug 29, 2021",264,15
2026-03-21,hWMhwjn-ZKY,5 Ways To Please Maa Kali | Mata's Blessings,"Aug 29, 2021",264,14
2026-03-22,hWMhwjn-ZKY,5 Ways To Please Maa Kali | Mata's Blessings,"Aug 29, 2021",264,19
2026-03-23,hWMhwjn-ZKY,5 Ways To Please Maa Kali | Mata's Blessings,"Aug 29, 2021",264,23
2026-03-24,hWMhwjn-ZKY,5 Ways To Please Maa Kali | Mata's Blessings,"Aug 29, 2021",264,27
2026-03-25,hWMhwjn-ZKY,5 Ways To Please Maa Kali | Mata's Blessings,"Aug 29, 2021",264,16
2026-03-26,hWMhwjn-ZKY,5 Ways To Please Maa Kali | Mata's Blessings,"Aug 29, 2021",264,15
2026-03-27,hWMhwjn-ZKY,5 Ways To Please Maa Kali | Mata's Blessings,"Aug 29, 2021",264,16
2026-03-28,hWMhwjn-ZKY,5 Ways To Please Maa Kali | Mata's Blessings,"Aug 29, 2021",264,16
2026-03-29,hWMhwjn-ZKY,5 Ways To Please Maa Kali | Mata's Blessings,"Aug 29, 2021",264,20
2026-03-30,hWMhwjn-ZKY,5 Ways To Please Maa Kali | Mata's Blessings,"Aug 29, 2021",264,9
2026-03-31,hWMhwjn-ZKY,5 Ways To Please Maa Kali | Mata's Blessings,"Aug 29, 2021",264,9
2026-04-01,hWMhwjn-ZKY,5 Ways To Please Maa Kali | Mata's Blessings,"Aug 29, 2021",264,11
2026-04-02,hWMhwjn-ZKY,5 Ways To Please Maa Kali | Mata's Blessings,"Aug 29, 2021",264,15
2026-04-03,hWMhwjn-ZKY,5 Ways To Please Maa Kali | Mata's Blessings,"Aug 29, 2021",264,11
2026-04-04,hWMhwjn-ZKY,5 Ways To Please Maa Kali | Mata's Blessings,"Aug 29, 2021",264,12
2026-04-05,hWMhwjn-ZKY,5 Ways To Please Maa Kali | Mata's Blessings,"Aug 29, 2021",264,17
2026-04-06,hWMhwjn-ZKY,5 Ways To Please Maa Kali | Mata's Blessings,"Aug 29, 2021",264,15
2026-04-07,hWMhwjn-ZKY,5 Ways To Please Maa Kali | Mata's Blessings,"Aug 29, 2021",264,16
2026-04-08,hWMhwjn-ZKY,5 Ways To Please Maa Kali | Mata's Blessings,"Aug 29, 2021",264,9
2026-04-09,hWMhwjn-ZKY,5 Ways To Please Maa Kali | Mata's Blessings,"Aug 29, 2021",264,15
2026-01-10,rNOWfVCvwbk,Lime Offering|Maa Kali,"Jun 19, 2023",26,4
2026-01-11,rNOWfVCvwbk,Lime Offering|Maa Kali,"Jun 19, 2023",26,3
2026-01-12,rNOWfVCvwbk,Lime Offering|Maa Kali,"Jun 19, 2023",26,2
2026-01-13,rNOWfVCvwbk,Lime Offering|Maa Kali,"Jun 19, 2023",26,2
2026-01-14,rNOWfVCvwbk,Lime Offering|Maa Kali,"Jun 19, 2023",26,0
2026-01-15,rNOWfVCvwbk,Lime Offering|Maa Kali,"Jun 19, 2023",26,3
2026-01-16,rNOWfVCvwbk,Lime Offering|Maa Kali,"Jun 19, 2023",26,0
2026-01-17,rNOWfVCvwbk,Lime Offering|Maa Kali,"Jun 19, 2023",26,0
2026-01-18,rNOWfVCvwbk,Lime Offering|Maa Kali,"Jun 19, 2023",26,2
2026-01-19,rNOWfVCvwbk,Lime Offering|Maa Kali,"Jun 19, 2023",26,2
2026-01-20,rNOWfVCvwbk,Lime Offering|Maa Kali,"Jun 19, 2023",26,0
2026-01-21,rNOWfVCvwbk,Lime Offering|Maa Kali,"Jun 19, 2023",26,3
2026-01-22,rNOWfVCvwbk,Lime Offering|Maa Kali,"Jun 19, 2023",26,1
2026-01-23,rNOWfVCvwbk,Lime Offering|Maa Kali,"Jun 19, 2023",26,12
2026-01-24,rNOWfVCvwbk,Lime Offering|Maa Kali,"Jun 19, 2023",26,4
2026-01-25,rNOWfVCvwbk,Lime Offering|Maa Kali,"Jun 19, 2023",26,0
2026-01-26,rNOWfVCvwbk,Lime Offering|Maa Kali,"Jun 19, 2023",26,2
2026-01-27,rNOWfVCvwbk,Lime Offering|Maa Kali,"Jun 19, 2023",26,3
2026-01-28,rNOWfVCvwbk,Lime Offering|Maa Kali,"Jun 19, 2023",26,0
2026-01-29,rNOWfVCvwbk,Lime Offering|Maa Kali,"Jun 19, 2023",26,3
2026-01-30,rNOWfVCvwbk,Lime Offering|Maa Kali,"Jun 19, 2023",26,0
2026-01-31,rNOWfVCvwbk,Lime Offering|Maa Kali,"Jun 19, 2023",26,0
2026-02-01,rNOWfVCvwbk,Lime Offering|Maa Kali,"Jun 19, 2023",26,0
2026-02-02,rNOWfVCvwbk,Lime Offering|Maa Kali,"Jun 19, 2023",26,2
2026-02-03,rNOWfVCvwbk,Lime Offering|Maa Kali,"Jun 19, 2023",26,3
2026-02-04,rNOWfVCvwbk,Lime Offering|Maa Kali,"Jun 19, 2023",26,4
2026-02-05,rNOWfVCvwbk,Lime Offering|Maa Kali,"Jun 19, 2023",26,1
2026-02-06,rNOWfVCvwbk,Lime Offering|Maa Kali,"Jun 19, 2023",26,0
2026-02-07,rNOWfVCvwbk,Lime Offering|Maa Kali,"Jun 19, 2023",26,2
2026-02-08,rNOWfVCvwbk,Lime Offering|Maa Kali,"Jun 19, 2023",26,0
2026-02-09,rNOWfVCvwbk,Lime Offering|Maa Kali,"Jun 19, 2023",26,3
2026-02-10,rNOWfVCvwbk,Lime Offering|Maa Kali,"Jun 19, 2023",26,0
2026-02-11,rNOWfVCvwbk,Lime Offering|Maa Kali,"Jun 19, 2023",26,1
2026-02-12,rNOWfVCvwbk,Lime Offering|Maa Kali,"Jun 19, 2023",26,0
2026-02-13,rNOWfVCvwbk,Lime Offering|Maa Kali,"Jun 19, 2023",26,0
2026-02-14,rNOWfVCvwbk,Lime Offering|Maa Kali,"Jun 19, 2023",26,4
2026-02-15,rNOWfVCvwbk,Lime Offering|Maa Kali,"Jun 19, 2023",26,0
2026-02-16,rNOWfVCvwbk,Lime Offering|Maa Kali,"Jun 19, 2023",26,6
2026-02-17,rNOWfVCvwbk,Lime Offering|Maa Kali,"Jun 19, 2023",26,3
2026-02-18,rNOWfVCvwbk,Lime Offering|Maa Kali,"Jun 19, 2023",26,0
2026-02-19,rNOWfVCvwbk,Lime Offering|Maa Kali,"Jun 19, 2023",26,1
2026-02-20,rNOWfVCvwbk,Lime Offering|Maa Kali,"Jun 19, 2023",26,0
2026-02-21,rNOWfVCvwbk,Lime Offering|Maa Kali,"Jun 19, 2023",26,2
2026-02-22,rNOWfVCvwbk,Lime Offering|Maa Kali,"Jun 19, 2023",26,2
2026-02-23,rNOWfVCvwbk,Lime Offering|Maa Kali,"Jun 19, 2023",26,1
2026-02-24,rNOWfVCvwbk,Lime Offering|Maa Kali,"Jun 19, 2023",26,1
2026-02-25,rNOWfVCvwbk,Lime Offering|Maa Kali,"Jun 19, 2023",26,3
2026-02-26,rNOWfVCvwbk,Lime Offering|Maa Kali,"Jun 19, 2023",26,1
2026-02-27,rNOWfVCvwbk,Lime Offering|Maa Kali,"Jun 19, 2023",26,3
2026-02-28,rNOWfVCvwbk,Lime Offering|Maa Kali,"Jun 19, 2023",26,2
2026-03-01,rNOWfVCvwbk,Lime Offering|Maa Kali,"Jun 19, 2023",26,0
2026-03-02,rNOWfVCvwbk,Lime Offering|Maa Kali,"Jun 19, 2023",26,0
2026-03-03,rNOWfVCvwbk,Lime Offering|Maa Kali,"Jun 19, 2023",26,0
2026-03-04,rNOWfVCvwbk,Lime Offering|Maa Kali,"Jun 19, 2023",26,0
2026-03-05,rNOWfVCvwbk,Lime Offering|Maa Kali,"Jun 19, 2023",26,0
2026-03-06,rNOWfVCvwbk,Lime Offering|Maa Kali,"Jun 19, 2023",26,0
2026-03-07,rNOWfVCvwbk,Lime Offering|Maa Kali,"Jun 19, 2023",26,3
2026-03-08,rNOWfVCvwbk,Lime Offering|Maa Kali,"Jun 19, 2023",26,0
2026-03-09,rNOWfVCvwbk,Lime Offering|Maa Kali,"Jun 19, 2023",26,2
2026-03-10,rNOWfVCvwbk,Lime Offering|Maa Kali,"Jun 19, 2023",26,0
2026-03-11,rNOWfVCvwbk,Lime Offering|Maa Kali,"Jun 19, 2023",26,0
2026-03-12,rNOWfVCvwbk,Lime Offering|Maa Kali,"Jun 19, 2023",26,2
2026-03-13,rNOWfVCvwbk,Lime Offering|Maa Kali,"Jun 19, 2023",26,0
2026-03-14,rNOWfVCvwbk,Lime Offering|Maa Kali,"Jun 19, 2023",26,2
2026-03-15,rNOWfVCvwbk,Lime Offering|Maa Kali,"Jun 19, 2023",26,4
2026-03-16,rNOWfVCvwbk,Lime Offering|Maa Kali,"Jun 19, 2023",26,4
2026-03-17,rNOWfVCvwbk,Lime Offering|Maa Kali,"Jun 19, 2023",26,1
2026-03-18,rNOWfVCvwbk,Lime Offering|Maa Kali,"Jun 19, 2023",26,2
2026-03-19,rNOWfVCvwbk,Lime Offering|Maa Kali,"Jun 19, 2023",26,0
2026-03-20,rNOWfVCvwbk,Lime Offering|Maa Kali,"Jun 19, 2023",26,0
2026-03-21,rNOWfVCvwbk,Lime Offering|Maa Kali,"Jun 19, 2023",26,1
2026-03-22,rNOWfVCvwbk,Lime Offering|Maa Kali,"Jun 19, 2023",26,0
2026-03-23,rNOWfVCvwbk,Lime Offering|Maa Kali,"Jun 19, 2023",26,3
2026-03-24,rNOWfVCvwbk,Lime Offering|Maa Kali,"Jun 19, 2023",26,3
2026-03-25,rNOWfVCvwbk,Lime Offering|Maa Kali,"Jun 19, 2023",26,2
2026-03-26,rNOWfVCvwbk,Lime Offering|Maa Kali,"Jun 19, 2023",26,3
2026-03-27,rNOWfVCvwbk,Lime Offering|Maa Kali,"Jun 19, 2023",26,3
2026-03-28,rNOWfVCvwbk,Lime Offering|Maa Kali,"Jun 19, 2023",26,0
2026-03-29,rNOWfVCvwbk,Lime Offering|Maa Kali,"Jun 19, 2023",26,1
2026-03-30,rNOWfVCvwbk,Lime Offering|Maa Kali,"Jun 19, 2023",26,3
2026-03-31,rNOWfVCvwbk,Lime Offering|Maa Kali,"Jun 19, 2023",26,3
2026-04-01,rNOWfVCvwbk,Lime Offering|Maa Kali,"Jun 19, 2023",26,0
2026-04-02,rNOWfVCvwbk,Lime Offering|Maa Kali,"Jun 19, 2023",26,2
2026-04-03,rNOWfVCvwbk,Lime Offering|Maa Kali,"Jun 19, 2023",26,0
2026-04-04,rNOWfVCvwbk,Lime Offering|Maa Kali,"Jun 19, 2023",26,5
2026-04-05,rNOWfVCvwbk,Lime Offering|Maa Kali,"Jun 19, 2023",26,2
2026-04-06,rNOWfVCvwbk,Lime Offering|Maa Kali,"Jun 19, 2023",26,1
2026-04-07,rNOWfVCvwbk,Lime Offering|Maa Kali,"Jun 19, 2023",26,1
2026-04-08,rNOWfVCvwbk,Lime Offering|Maa Kali,"Jun 19, 2023",26,17
2026-04-09,rNOWfVCvwbk,Lime Offering|Maa Kali,"Jun 19, 2023",26,1
